Bit,Readout probe name,Sequence,Dye
1,RS0015,ATCCTCCTTCAATACATCCC,Cy5
2,RS0083,ACACTACCACCATTTCCTAT,Cy3B
3,RS0095,ACTCCACTACTACTCACTCT,Alexa750
4,RS0109,ACCCTCTAACTTCCATCACA,Cy5
5,RS0175,ACCACAACCCATTCCTTTCA,Cy3B
6,RS0237,TTTCTACCACTAATCAACCC,Alexa750
7,RS0247,ACCCTTTACAAACACACCCT,Cy5
8,RS0255,TCCTATTCTCAACCTAACCT,Atto565
9,RS0307,TATCCTTCAATCCCTCCACA,Alexa750
10,RS0332,ACATTACACCTCATTCTCCC,Cy5
11,RS0343,TTTACTCCCTACACCTCCAA,Atto565
12,RS0384,TTCTCCCTCTATCAACTCTA,Alexa750
13,RS0406,ACCCTTACTACTACATCATC,Cy5
14,RS0451,TCCTAACAACCAACTACTCC,Atto565
15,RS0468,TCTATCATTACCCTCCTCCT,Alexa750
16,RS0548,TATTCACCTTACAAACCCTC,Cy5
17,RS0578,AAACACACACTAAACCACCC,Atto565
18,RS0584,AACTCATCTCAATCCTCCCA,Alexa750
19,RS0639,TATCTCATCAATCCCACACT,Cy5
20,RS0707,TCTATCATCTCCAAACCACA,Atto565
21,RS0708,TCCAACTCATCTCTAATCTC,Alexa750
22,RS0730,AATACTCTCCCACCTCAACT,Cy5
23,RS0763,ATAAATCATTCCCACTACCC,Atto565
24,RS0793,ACCCAACACTCATAACATCC,Alexa750
25,RS0805,TTCCTAACAAATCACATCCC,Cy5
26,RS0896,TACTACAAACCCATAATCCC,Cy3B
27,RS0820,TTCTTCCCTCAATCTTCATC,Alexa750
28,RS0994,AATCTCACCTTCCACTTCAC,Cy5
29,RS0996,TTACCTCTAACCCTCCATTC,Cy3B
30,RS0967,TCCTCATCTTACTCCCTCTA,Alexa750
31,RS1040,ACTTTCCACATACTATCCCA,Cy5
32,RS1047,ACCTTTCTCCATACCCAACT,Atto565
33,RS1199,TCAAACTTTCCAACCACCTC,Alexa750
34,RS1316,ACATCCTAACTACAACCTTC,Cy5
35,RS1312,TCCCAACTAACCTAACATTC,Atto565
36,RS1261,ACACCATTTATCCACTCCTC,Alexa750
37,RS1326,ATCCTCACTACATCATCCAC,Cy5
38,RS1404,TCCCTATCAATCTCCATAAC,Atto565
39,RS1334,TCTCACACCACTTTCCTCAT,Alexa750
40,RS3505,AACTACATACTCCCTACCTC,Cy5
41,RS1470,TTATCCATCCCTCTTCCTAC,Atto565
42,RS1520,TCCTACAACATCCTTCCTAA,Alexa750
43,RS3583,ACTCCTACTCTTACACCATC,Cy5
44,RS1678,ATTACACCTCAACCCACACA,Atto565
45,RS3592,TCCCATACAAATCCAAACCT,Alexa750
46,RS3602,TTCTCTACTCATTCCCTCAA,Cy5
47,RS1982,TTTACCTTACCCAACACCCA,Atto565
48,RS3791,AAACTCCACATCCATCTCAT,Alexa750
49,RS3811,AATCTCCTCCAACACTTCTA,Cy5
50,RS3918,AAATCACACCCACCCTACTT,Atto565
51,RS3544,TACATCCAACTCCCTACACT,Alexa750
52,RS4013,ACTAAACCTACCACATACAC,Cy5
53,RS4027,TCTTCCAACCATTCCTATCT,Atto565
54,RS4070,TCACACACACTACCTTATTC,Alexa750
55,RS4098,TCTTCTTCATCCACACCTTC,Cy5
56,RS4111,TACCTCAATCCCTAAACTTC,Atto565
57,RS4140,TTCAATCCACATCTCCCTCA,Alexa750
58,RS4164,TACCAACAAACCTCCCTTAC,Cy5
59,RS4194,TTATCCCACTCCTATCCTAA,Atto565
60,RS4201,ACTCCTCCTTCAAATACTCC,Alexa750
61,RS4216,ATCACACATACTTCTCCACA,Cy5
62,RS4324,AACTTATTCCCTCCATCATC,Atto565
63,RS4341,ACTCTCACTTCCCTTCCAAT,Alexa750
64,RS4351,TCTCTAATCCACTAATACCC,Cy5
65,RS4363,TTCCTCTAACCCTACTATCC,Atto565
66,RS4365,ATCTAATACCCTCTTACTCC,Alexa750
67,RS4465,ACTCCCATTCAAATCTTCAC,Cy5
68,RS4483,ACTTTCCCTACCATCCTCTA,Atto565
69,RS4554,ACCTCTAATCAATCTCCCAC,Alexa750
